time,sent,received,pdr,throughput,packet_rate,connected
0.019263029098510742,0,0,0,0.0,0.0,0
0.054222822189331055,0,0,0,0.0,0.0,0
0.07986164093017578,0,0,0,0.0,0.0,0
0.1038353443145752,0,0,0,0.0,0.0,0
0.13011550903320312,0,0,0,0.0,0.0,0
0.15437531471252441,0,0,0,0.0,0.0,0
0.18169212341308594,0,0,0,0.0,0.0,0
0.20627236366271973,0,0,0,0.0,0.0,0
0.2334585189819336,0,0,0,0.0,0.0,0
0.25776195526123047,0,0,0,0.0,0.0,0
0.2845735549926758,0,0,0,0.0,0.0,0
0.31049180030822754,0,0,0,0.0,0.0,0
0.3348722457885742,0,0,0,0.0,0.0,0
0.3605775833129883,0,0,0,0.0,0.0,0
0.3858377933502197,0,0,0,0.0,0.0,0
0.4111020565032959,0,0,0,0.0,0.0,0
0.4371044635772705,0,0,0,0.0,0.0,0
0.46558451652526855,0,0,0,0.0,0.0,0
0.49041247367858887,0,0,0,0.0,0.0,0
0.5152802467346191,0,0,0,0.0,0.0,0
0.5413994789123535,0,0,0,0.0,0.0,0
0.5830166339874268,0,0,0,0.0,0.0,0
0.6038110256195068,0,0,0,0.0,0.0,0
0.6283764839172363,0,0,0,0.0,0.0,0
0.652475118637085,0,0,0,0.0,0.0,0
0.6805987358093262,0,0,0,0.0,0.0,0
0.7036473751068115,0,0,0,0.0,0.0,0
0.7289936542510986,0,0,0,0.0,0.0,0
0.7547657489776611,0,0,0,0.0,0.0,0
0.7822716236114502,0,0,0,0.0,0.0,0
0.8074300289154053,0,0,0,0.0,0.0,0
0.8342270851135254,0,0,0,0.0,0.0,0
0.8609199523925781,0,0,0,0.0,0.0,0
0.8865444660186768,0,0,0,0.0,0.0,0
0.9140303134918213,0,0,0,0.0,0.0,0
0.9407346248626709,0,0,0,0.0,0.0,0
0.9654057025909424,0,0,0,0.0,0.0,0
0.9891438484191895,0,0,0,0.0,0.0,0
1.0157549381256104,0,0,0,0.0,0.0,0
1.040543794631958,0,0,0,0.0,0.0,0
1.0652174949645996,0,0,0,0.0,0.0,0
1.0907282829284668,0,0,0,0.0,0.0,0
1.118361234664917,0,0,0,0.0,0.0,0
1.1504583358764648,0,0,0,0.0,0.0,0
1.1746675968170166,0,0,0,0.0,0.0,0
1.201998233795166,0,0,0,0.0,0.0,0
1.2326467037200928,0,0,0,0.0,0.0,0
1.2544312477111816,0,0,0,0.0,0.0,0
1.2814610004425049,0,0,0,0.0,0.0,0
1.3055953979492188,0,0,0,0.0,0.0,0
1.3311882019042969,0,0,0,0.0,0.0,0
1.3594353199005127,0,0,0,0.0,0.0,0
1.3864288330078125,0,0,0,0.0,0.0,0
1.4123899936676025,0,0,0,0.0,0.0,0
1.4346568584442139,0,0,0,0.0,0.0,0
1.4625227451324463,0,0,0,0.0,0.0,0
1.4870350360870361,0,0,0,0.0,0.0,0
1.5150482654571533,0,0,0,0.0,0.0,0
1.538630723953247,0,0,0,0.0,0.0,0
1.566727876663208,0,0,0,0.0,0.0,0
1.5914630889892578,0,0,0,0.0,0.0,0
1.6166877746582031,0,0,0,0.0,0.0,0
1.6424572467803955,0,0,0,0.0,0.0,0
1.6671142578125,0,0,0,0.0,0.0,0
1.6937956809997559,0,0,0,0.0,0.0,0
1.7191050052642822,0,0,0,0.0,0.0,0
1.7454662322998047,0,0,0,0.0,0.0,0
1.7706477642059326,0,0,0,0.0,0.0,0
1.7959344387054443,0,0,0,0.0,0.0,0
1.8213207721710205,0,0,0,0.0,0.0,0
1.84763765335083,0,0,0,0.0,0.0,0
1.8721489906311035,0,0,0,0.0,0.0,0
1.8983948230743408,0,0,0,0.0,0.0,0
1.9238088130950928,0,0,0,0.0,0.0,0
1.95037841796875,0,0,0,0.0,0.0,0
1.9741268157958984,0,0,0,0.0,0.0,0
2.000903844833374,0,0,0,0.0,0.0,0
2.030806064605713,0,0,0,0.0,0.0,0
2.0540835857391357,0,0,0,0.0,0.0,0
2.0833611488342285,0,0,0,0.0,0.0,0
2.109198570251465,0,0,0,0.0,0.0,0
2.136474847793579,0,0,0,0.0,0.0,0
2.1602916717529297,0,0,0,0.0,0.0,0
2.1863596439361572,0,0,0,0.0,0.0,0
2.2121951580047607,0,0,0,0.0,0.0,0
2.237752676010132,0,0,0,0.0,0.0,0
2.263793706893921,0,0,0,0.0,0.0,0
2.288975477218628,0,0,0,0.0,0.0,0
2.3159215450286865,0,0,0,0.0,0.0,0
2.341984272003174,0,0,0,0.0,0.0,0
2.3750789165496826,0,0,0,0.0,0.0,0
2.401367425918579,0,0,0,0.0,0.0,0
2.426569700241089,0,0,0,0.0,0.0,0
2.451941967010498,0,0,0,0.0,0.0,0
2.4779157638549805,0,0,0,0.0,0.0,0
2.5035040378570557,0,0,0,0.0,0.0,0
2.5314388275146484,0,0,0,0.0,0.0,0
2.556381940841675,0,0,0,0.0,0.0,0
2.582348585128784,0,0,0,0.0,0.0,0
2.6076080799102783,0,0,0,0.0,0.0,0
2.6330463886260986,0,0,0,0.0,0.0,0
2.6609363555908203,0,0,0,0.0,0.0,0
2.6852736473083496,0,0,0,0.0,0.0,0
2.714329242706299,0,0,0,0.0,0.0,0
2.7353854179382324,0,0,0,0.0,0.0,0
2.761310338973999,0,0,0,0.0,0.0,0
2.7865655422210693,0,0,0,0.0,0.0,0
2.811410427093506,0,0,0,0.0,0.0,0
2.8363120555877686,0,0,0,0.0,0.0,0
2.872424364089966,0,0,0,0.0,0.0,0
2.898392677307129,0,0,0,0.0,0.0,0
2.915358781814575,0,0,0,0.0,0.0,0
2.939417839050293,0,0,0,0.0,0.0,0
2.9666569232940674,0,0,0,0.0,0.0,0
2.991553544998169,0,0,0,0.0,0.0,0
3.016800880432129,0,0,0,0.0,0.0,0
3.04195499420166,0,0,0,0.0,0.0,0
3.0684256553649902,0,0,0,0.0,0.0,0
3.0932188034057617,0,0,0,0.0,0.0,0
3.118903160095215,0,0,0,0.0,0.0,0
3.1471056938171387,0,0,0,0.0,0.0,0
3.1713619232177734,0,0,0,0.0,0.0,0
3.1987712383270264,0,0,0,0.0,0.0,0
3.222416877746582,0,0,0,0.0,0.0,0
3.2492382526397705,0,0,0,0.0,0.0,0
3.274556875228882,0,0,0,0.0,0.0,0
3.3003878593444824,0,0,0,0.0,0.0,0
3.325863838195801,0,0,0,0.0,0.0,0
3.3508899211883545,0,0,0,0.0,0.0,0
3.376513957977295,0,0,0,0.0,0.0,0
3.4012978076934814,0,0,0,0.0,0.0,0
3.427063465118408,0,0,0,0.0,0.0,0
3.4532315731048584,0,0,0,0.0,0.0,0
3.4801061153411865,0,0,0,0.0,0.0,0
3.507333755493164,0,0,0,0.0,0.0,0
3.531653642654419,0,0,0,0.0,0.0,0
3.5571577548980713,0,0,0,0.0,0.0,0
3.582148790359497,0,0,0,0.0,0.0,0
3.6073451042175293,0,0,0,0.0,0.0,0
3.6330721378326416,0,0,0,0.0,0.0,0
3.6595993041992188,0,0,0,0.0,0.0,0
3.685997724533081,0,0,0,0.0,0.0,0
3.7117505073547363,0,0,0,0.0,0.0,0
3.7355971336364746,0,0,0,0.0,0.0,0
3.7628307342529297,0,0,0,0.0,0.0,0
3.7873051166534424,0,0,0,0.0,0.0,0
3.8123586177825928,0,0,0,0.0,0.0,0
3.836677312850952,0,0,0,0.0,0.0,0
3.8644955158233643,0,0,0,0.0,0.0,0
3.88802170753479,0,0,0,0.0,0.0,0
3.9153048992156982,0,0,0,0.0,0.0,0
3.9410760402679443,0,0,0,0.0,0.0,0
3.9673891067504883,0,0,0,0.0,0.0,0
3.9954123497009277,0,0,0,0.0,0.0,0
4.022681713104248,0,0,0,0.0,0.0,0
4.04826283454895,0,0,0,0.0,0.0,0
4.071364879608154,0,0,0,0.0,0.0,0
4.098834276199341,0,0,0,0.0,0.0,0
4.123220920562744,0,0,0,0.0,0.0,0
4.151451826095581,0,0,0,0.0,0.0,0
4.177182197570801,0,0,0,0.0,0.0,0
4.20164942741394,0,0,0,0.0,0.0,0
4.226455450057983,0,0,0,0.0,0.0,0
4.2527148723602295,0,0,0,0.0,0.0,0
4.278454065322876,0,0,0,0.0,0.0,0
4.302354335784912,0,0,0,0.0,0.0,0
4.329861879348755,0,0,0,0.0,0.0,0
4.353741884231567,0,0,0,0.0,0.0,0
4.38134503364563,0,0,0,0.0,0.0,0
4.4046759605407715,0,0,0,0.0,0.0,0
4.429913520812988,0,0,0,0.0,0.0,0
4.4546592235565186,0,0,0,0.0,0.0,0
4.481706857681274,0,0,0,0.0,0.0,0
4.507179498672485,0,0,0,0.0,0.0,0
4.533146858215332,0,0,0,0.0,0.0,0
4.558991193771362,0,0,0,0.0,0.0,0
4.584140300750732,0,0,0,0.0,0.0,0
4.6086647510528564,0,0,0,0.0,0.0,0
4.633714437484741,0,0,0,0.0,0.0,0
4.658035755157471,0,0,0,0.0,0.0,0
4.684367656707764,0,0,0,0.0,0.0,0
4.71134090423584,0,0,0,0.0,0.0,0
4.736396551132202,0,0,0,0.0,0.0,0
4.763640880584717,0,0,0,0.0,0.0,0
4.788084268569946,0,0,0,0.0,0.0,0
4.8138267993927,0,0,0,0.0,0.0,0
4.83960485458374,0,0,0,0.0,0.0,0
4.864970684051514,0,0,0,0.0,0.0,0
4.889996528625488,0,0,0,0.0,0.0,0
4.915367126464844,0,0,0,0.0,0.0,0
4.940835475921631,0,0,0,0.0,0.0,0
4.966806650161743,0,0,0,0.0,0.0,0
4.991872310638428,0,0,0,0.0,0.0,0
5.018716335296631,0,0,0,0.0,0.0,0
5.043990135192871,0,0,0,0.0,0.0,0
5.087958097457886,0,0,0,0.0,0.0,0
5.115012884140015,0,0,0,0.0,0.0,0
5.141353130340576,0,0,0,0.0,0.0,0
5.166632652282715,0,0,0,0.0,0.0,0
5.192430019378662,0,0,0,0.0,0.0,0
5.218315839767456,0,0,0,0.0,0.0,0
5.244699001312256,0,0,0,0.0,0.0,0
5.269758462905884,0,0,0,0.0,0.0,0
5.29448676109314,0,0,0,0.0,0.0,0
5.320493221282959,0,0,0,0.0,0.0,0
5.347864151000977,0,0,0,0.0,0.0,0
5.3730387687683105,0,0,0,0.0,0.0,0
5.398737668991089,0,0,0,0.0,0.0,0
5.4248206615448,0,0,0,0.0,0.0,0
5.451696395874023,0,0,0,0.0,0.0,0
5.47724175453186,0,0,0,0.0,0.0,0
5.501455307006836,0,0,0,0.0,0.0,0
5.527975559234619,0,0,0,0.0,0.0,0
5.553716421127319,0,0,0,0.0,0.0,0
5.579427003860474,0,0,0,0.0,0.0,0
5.603599548339844,0,0,0,0.0,0.0,0
5.62956166267395,0,0,0,0.0,0.0,0
5.653588056564331,0,0,0,0.0,0.0,0
5.679336786270142,0,0,0,0.0,0.0,0
5.704174041748047,0,0,0,0.0,0.0,0
5.730976581573486,0,0,0,0.0,0.0,0
5.756654500961304,0,0,0,0.0,0.0,0
5.781993627548218,0,0,0,0.0,0.0,0
5.8068318367004395,0,0,0,0.0,0.0,0
5.833006381988525,0,0,0,0.0,0.0,0
5.858265161514282,0,0,0,0.0,0.0,0
5.884839773178101,0,0,0,0.0,0.0,0
5.910919666290283,0,0,0,0.0,0.0,0
5.935716390609741,0,0,0,0.0,0.0,0
5.961890459060669,0,0,0,0.0,0.0,0
5.987645149230957,0,0,0,0.0,0.0,0
6.01486873626709,0,0,0,0.0,0.0,0
6.03949236869812,0,0,0,0.0,0.0,0
6.065943002700806,0,0,0,0.0,0.0,0
6.092383623123169,0,0,0,0.0,0.0,0
6.117468357086182,0,0,0,0.0,0.0,0
6.143773078918457,0,0,0,0.0,0.0,0
6.170468091964722,0,0,0,0.0,0.0,0
6.195415019989014,0,0,0,0.0,0.0,0
6.219869375228882,0,0,0,0.0,0.0,0
6.246340990066528,0,0,0,0.0,0.0,0
6.269769668579102,0,0,0,0.0,0.0,0
6.2961344718933105,0,0,0,0.0,0.0,0
6.31927490234375,0,0,0,0.0,0.0,0
6.347773313522339,0,0,0,0.0,0.0,0
6.372066020965576,0,0,0,0.0,0.0,0
6.398783206939697,0,0,0,0.0,0.0,0
6.4245665073394775,0,0,0,0.0,0.0,0
6.451127529144287,0,0,0,0.0,0.0,0
6.477328777313232,0,0,0,0.0,0.0,0
6.508560657501221,1,1,1.0,30.728760247397677,0.1536438012369884,1
6.528699636459351,1,1,1.0,30.633971715149105,0.15316985857574553,1
6.553122282028198,1,1,1.0,30.51980283482514,0.1525990141741257,1
6.5803210735321045,1,1,1.0,30.39365370854867,0.15196826854274334,1
6.60373854637146,1,1,1.0,30.285874977575165,0.15142937488787583,1
6.629957437515259,1,1,1.0,30.16610617563104,0.1508305308781552,1
6.654442548751831,1,1,1.0,30.055109580518334,0.15027554790259168,1
6.6804585456848145,1,1,1.0,29.93806467509454,0.14969032337547272,1
6.705368280410767,1,1,1.0,29.826847927843886,0.14913423963921943,1
6.737367153167725,2,2,1.0,59.37037286322314,0.2968518643161157,1
6.75700569152832,2,2,1.0,59.19781901345813,0.29598909506729065,1
6.783177614212036,2,2,1.0,58.969412677905495,0.2948470633895275,1
6.808933258056641,2,2,1.0,58.746353480069985,0.29373176740034995,1
6.835151433944702,2,2,1.0,58.52101505952327,0.29260507529761637,1
6.861863851547241,2,2,1.0,58.29319972733157,0.29146599863665784,1
6.886911153793335,2,2,1.0,58.08119069166133,0.2904059534583066,1
6.913280248641968,2,2,1.0,57.85965353835833,0.2892982676917917,1
6.938098669052124,2,2,1.0,57.65268254027981,0.28826341270139905,1
6.9682111740112305,3,3,1.0,86.10531239893692,0.4305265619946846,1
6.989330053329468,3,3,1.0,85.84513757712463,0.42922568788562315,1
7.015984773635864,3,3,1.0,85.51899973538063,0.42759499867690315,1
7.040719985961914,3,3,1.0,85.21855736292672,0.4260927868146336,1
7.065672159194946,3,3,1.0,84.91761101867529,0.42458805509337644,1
7.090435028076172,3,3,1.0,84.62104195640536,0.4231052097820268,1
7.115736484527588,3,3,1.0,84.32015453419842,0.4216007726709921,1
7.141075372695923,3,3,1.0,84.02095884523426,0.42010479422617125,1
7.167600870132446,3,3,1.0,83.71001829917923,0.4185500914958961,1
7.195800304412842,4,4,1.0,111.1759590534215,0.5558797952671074,1
7.217853307723999,4,4,1.0,110.8362785849223,0.5541813929246114,1
7.244240999221802,4,4,1.0,110.4325491222529,0.5521627456112644,1
7.2690887451171875,4,4,1.0,110.05506027662383,0.5502753013831192,1
7.2952258586883545,4,4,1.0,109.66075835023373,0.5483037917511686,1
7.321877479553223,4,4,1.0,109.26159338694856,0.5463079669347428,1
7.3497724533081055,4,4,1.0,108.8469071773675,0.5442345358868376,1
7.373209238052368,4,4,1.0,108.50092194200633,0.5425046097100317,1
7.400057315826416,4,4,1.0,108.10727077600458,0.5405363538800229,1
7.430559396743774,5,5,1.0,134.57936968221003,0.6728968484110501,1
7.451901912689209,5,5,1.0,134.19392951176468,0.6709696475588234,1
7.477986574172974,5,5,1.0,133.7258351671479,0.6686291758357394,1
7.502418279647827,5,5,1.0,133.29035555278867,0.6664517777639434,1
7.527514457702637,5,5,1.0,132.8459753374151,0.6642298766870754,1
7.552364110946655,5,5,1.0,132.4088702967281,0.6620443514836406,1
7.578735113143921,5,5,1.0,131.94813977146188,0.6597406988573093,1
7.60490870475769,5,5,1.0,131.49401772231562,0.6574700886115781,1
7.630521297454834,5,5,1.0,131.05264516246757,0.6552632258123379,1
7.6613991260528564,6,6,1.0,156.62935454169957,0.7831467727084978,1
7.682278156280518,6,6,1.0,156.20366453653597,0.7810183226826798,1
7.7071051597595215,6,6,1.0,155.70048353115277,0.7785024176557639,1
7.733295679092407,6,6,1.0,155.17316934412548,0.7758658467206274,1
7.758993148803711,6,6,1.0,154.65924211893616,0.7732962105946808,1
7.78412938117981,6,6,1.0,154.15982202214127,0.7707991101107062,1
7.810091733932495,6,6,1.0,153.6473630375379,0.7682368151876895,1
7.8360090255737305,6,6,1.0,153.13918042764624,0.7656959021382312,1
7.861761093139648,6,6,1.0,152.63755611285967,0.7631877805642983,1
7.8886191844940186,7,7,1.0,177.47085608491025,0.8873542804245512,1
7.91199254989624,7,7,1.0,176.9465771322497,0.8847328856612484,1
7.937063217163086,7,7,1.0,176.38765897349077,0.8819382948674539,1
7.963594198226929,7,7,1.0,175.8000175739374,0.879000087869687,1
7.988825798034668,7,7,1.0,175.24477756723826,0.8762238878361912,1
8.013934850692749,7,7,1.0,174.69570517895835,0.8734785258947917,1
8.038373708724976,7,7,1.0,174.16458238068955,0.8708229119034477,1
8.065673828125,7,7,1.0,173.57508248327633,0.8678754124163817,1
8.089558362960815,7,7,1.0,173.06259961113545,0.8653129980556773,1
8.118757486343384,8,8,1.0,197.07449110179368,0.9853724555089683,1
8.139588832855225,8,8,1.0,196.57012569746084,0.9828506284873042,1
8.165251731872559,8,8,1.0,195.9523175206587,0.9797615876032936,1
8.190121412277222,8,8,1.0,195.35729929492317,0.9767864964746158,1
8.217027187347412,8,8,1.0,194.71762275092405,0.9735881137546203,1
8.24275541305542,8,8,1.0,194.10984796004192,0.9705492398002096,1
8.26814079284668,8,8,1.0,193.51387936986592,0.9675693968493296,1
8.294501066207886,8,8,1.0,192.89888411955977,0.9644944205977989,1
8.319469451904297,8,8,1.0,192.31995612818383,0.9615997806409192,1
8.348231077194214,9,9,1.0,215.61453957800222,1.078072697890011,1
8.370704174041748,9,9,1.0,215.03567233709563,1.0751783616854782,1
8.39842176437378,9,9,1.0,214.32598296451658,1.071629914822583,1
8.422933101654053,9,9,1.0,213.70227903704057,1.0685113951852028,1
8.44858431816101,9,9,1.0,213.05344566790131,1.0652672283395066,1
8.47322964668274,9,9,1.0,212.4337560831599,1.0621687804157993,1
8.499695062637329,9,9,1.0,211.77230321030913,1.0588615160515458,1
8.523516654968262,9,9,1.0,211.18044028819963,1.0559022014409982,1
8.54966115951538,9,9,1.0,210.53465937614178,1.0526732968807089,1
8.577407598495483,10,10,1.0,233.1706843861319,1.1658534219306596,1
8.59940218925476,10,10,1.0,232.57430644412312,1.1628715322206156,1
8.62410283088684,10,10,1.0,231.90818096893383,1.1595409048446692,1
8.650282859802246,10,10,1.0,231.20631225759962,1.156031561287998,1
8.677278995513916,10,10,1.0,230.48699955757837,1.1524349977878918,1
8.70261812210083,10,10,1.0,229.81589815148592,1.1490794907574295,1
8.728475093841553,10,10,1.0,229.13509845621448,1.1456754922810723,1
8.752982378005981,10,10,1.0,228.49354809915891,1.1424677404957946,1
8.779130935668945,10,10,1.0,227.8129822479525,1.1390649112397624,1
8.806563138961792,11,11,1.0,249.8136861435548,1.249068430717774,1
8.83026671409607,11,11,1.0,249.14309739795985,1.2457154869897993,1
8.854758739471436,11,11,1.0,248.45397426732418,1.242269871336621,1
8.880537748336792,11,11,1.0,247.7327457351365,1.2386637286756825,1
8.904849290847778,11,11,1.0,247.05639906349847,1.2352819953174923,1
8.930541276931763,11,11,1.0,246.34565047952466,1.2317282523976234,1
8.955345630645752,11,11,1.0,245.66332677004254,1.2283166338502127,1
8.982410192489624,11,11,1.0,244.9231278526408,1.224615639263204,1
9.008884191513062,11,11,1.0,244.20338337488442,1.2210169168744223,1
9.037021398544312,12,12,1.0,265.5742300650736,1.327871150325368,1
9.0601646900177,12,12,1.0,264.8958470527881,1.3244792352639405,1
9.08532977104187,12,12,1.0,264.16212294788033,1.3208106147394016,1
9.11178183555603,12,12,1.0,263.39524401634714,1.3169762200817356,1
9.137033462524414,12,12,1.0,262.6673098926048,1.313336549463024,1
9.16434621810913,12,12,1.0,261.8844752130272,1.3094223760651358,1
9.189409971237183,12,12,1.0,261.17019563954494,1.3058509781977248,1
9.216207265853882,12,12,1.0,260.4108100836684,1.302054050418342,1
9.241226434707642,12,12,1.0,259.7057887236941,1.2985289436184706,1
9.277321577072144,13,13,1.0,280.2533013866424,1.401266506933212,1
9.291769981384277,13,13,1.0,279.81751649136874,1.3990875824568436,1
9.318310976028442,13,13,1.0,279.0205227845,1.3951026139224998,1
9.345008134841919,13,13,1.0,278.22340681611206,1.3911170340805603,1
9.369391679763794,13,13,1.0,277.4993392170309,1.3874966960851545,1
9.3969886302948,13,13,1.0,276.6843828689866,1.383421914344933,1
9.421208143234253,13,13,1.0,275.973098191994,1.3798654909599701,1
9.446688413619995,13,13,1.0,275.2287242004707,1.3761436210023537,1
9.472410440444946,13,13,1.0,274.48134942491686,1.3724067471245844,1
9.502558708190918,14,14,1.0,294.6574797361141,1.4732873986805706,1
9.523686647415161,14,14,1.0,294.0037932432345,1.4700189662161725,1
9.549563884735107,14,14,1.0,293.20710702567004,1.4660355351283503,1
9.5742666721344,14,14,1.0,292.450596571465,1.462252982857325,1
9.600593328475952,14,14,1.0,291.6486413079312,1.4582432065396558,1
9.626931428909302,15,15,1.0,311.62577838573947,1.5581288919286973,2
9.651144027709961,15,15,1.0,310.8439778109751,1.5542198890548755,2
9.677145957946777,15,15,1.0,310.00875806119564,1.5500437903059783,2
9.702678918838501,15,15,1.0,309.19295846998176,1.5459647923499087,2
9.731879234313965,16,16,1.0,328.816246374802,1.64408123187401,2
9.752737522125244,16,16,1.0,328.11300342497884,1.6405650171248942,2
9.778303623199463,16,16,1.0,327.25512760800933,1.6362756380400465,2
9.802813291549683,16,16,1.0,326.4369018186336,1.632184509093168,2
9.833797931671143,17,17,1.0,345.7463762855872,1.728731881427936,3
9.854372262954712,17,17,1.0,345.0245139187133,1.7251225695935664,3
9.880918502807617,17,17,1.0,344.0975653259265,1.7204878266296326,3
9.90550971031189,17,17,1.0,343.2433160365804,1.7162165801829021,3
9.931432008743286,17,17,1.0,342.34740740376196,1.7117370370188099,3
9.962192058563232,19,19,1.0,381.44215426298894,1.9072107713149449,4
9.982678651809692,19,19,1.0,380.6593533200754,1.9032967666003773,4
10.010704040527344,20,20,1.0,399.5722961947927,1.9978614809739637,5
10.033101797103882,20,20,1.0,398.6802965713579,1.9934014828567896,5
10.058239459991455,20,20,1.0,397.6839103812108,1.9884195519060541,5
10.083906888961792,20,20,1.0,396.6716515776781,1.9833582578883906,5
10.109784841537476,20,20,1.0,395.6562936498348,1.978281468249174,5
10.134640455245972,20,20,1.0,394.6859306616535,1.9734296533082676,5
10.159568071365356,20,20,1.0,393.71752538121785,1.9685876269060891,5
10.187266826629639,21,21,1.0,412.27937497633314,2.0613968748816656,5
10.20952820777893,21,21,1.0,411.38041979255223,2.056902098962761,5
10.23400330543518,21,21,1.0,410.3965842740563,2.0519829213702816,5
10.259892463684082,21,21,1.0,409.36101570911404,2.04680507854557,5
10.284053802490234,21,21,1.0,408.39926362335734,2.041996318116787,5
10.309453248977661,21,21,1.0,407.39308851480496,2.036965442574025,5
10.33579134941101,21,21,1.0,406.35495222524384,2.0317747611262194,5
10.362071990966797,21,21,1.0,405.3243408906421,2.0266217044532104,5
10.386933326721191,21,21,1.0,404.3541888533331,2.0217709442666654,5
10.41823673248291,22,22,1.0,422.3363427979407,2.1116817139897037,5
10.439411878585815,22,22,1.0,421.47968210983646,2.107398410549182,5
10.468692302703857,23,23,1.0,439.4054068063411,2.1970270340317053,5
10.488939046859741,23,23,1.0,438.55722484889293,2.1927861242444644,5
10.515903234481812,23,23,1.0,437.432705249372,2.18716352624686,5
10.540961027145386,23,23,1.0,436.39284768760155,2.181964238438008,5
10.567590951919556,23,23,1.0,435.29315441230534,2.1764657720615266,5
10.593567371368408,23,23,1.0,434.22577482563383,2.171128874128169,5
10.619038581848145,23,23,1.0,433.1842251579251,2.1659211257896254,5
10.647451877593994,24,24,1.0,450.812086796175,2.2540604339808747,5
10.671464681625366,24,24,1.0,449.79767475263895,2.248988373763195,5
10.698791742324829,25,25,1.0,467.34249253771424,2.336712462688571,5
10.721559047698975,25,25,1.0,466.35008749712415,2.3317504374856206,5
10.74686574935913,25,25,1.0,465.2519270837793,2.326259635418897,5
10.772594451904297,25,25,1.0,464.1407436549455,2.320703718274727,5
10.798022031784058,25,25,1.0,463.04776794143066,2.3152388397071535,5
10.823052406311035,25,25,1.0,461.97688159436865,2.3098844079718432,5
10.84908938407898,25,25,1.0,460.86817270926826,2.3043408635463414,5
10.881130695343018,27,27,1.0,496.2719547437409,2.4813597737187045,5
10.900040864944458,27,27,1.0,495.410986702527,2.477054933512635,5
10.925688743591309,27,27,1.0,494.2480173771638,2.471240086885819,5
10.951342344284058,27,27,1.0,493.09023772948484,2.465451188647424,5
10.976302862167358,27,27,1.0,491.96893232715763,2.4598446616357883,5
11.004638195037842,28,28,1.0,508.8763392989262,2.5443816964946313,5
11.027705907821655,28,28,1.0,507.81187373051637,2.5390593686525817,5
11.05314564704895,28,28,1.0,506.64310222810906,2.533215511140545,5
11.079864978790283,28,28,1.0,505.4213215341381,2.5271066076706905,5
11.106009721755981,29,29,1.0,522.239773357857,2.6111988667892847,5
11.130715131759644,29,29,1.0,521.0806252197278,2.605403126098639,5
11.155104160308838,29,29,1.0,519.9413574852198,2.599706787426099,5
11.182056188583374,29,29,1.0,518.6881466327873,2.5934407331639364,5
11.205420732498169,29,29,1.0,517.6066243705363,2.5880331218526815,5
11.231741428375244,29,29,1.0,516.3936542687142,2.581968271343571,5
11.256179809570312,29,29,1.0,515.2725079132692,2.576362539566346,5
11.284409284591675,29,29,1.0,513.9834840907113,2.5699174204535566,5
11.309135437011719,30,30,1.0,530.5445348513234,2.652722674256617,5
11.33588433265686,31,31,1.0,546.9357147672014,2.7346785738360073,5
11.360086679458618,31,31,1.0,545.7704835308061,2.7288524176540307,5
11.386123180389404,31,31,1.0,544.5224772096626,2.7226123860483127,5
11.41175127029419,31,31,1.0,543.2996087234354,2.716498043617177,5
11.436481475830078,31,31,1.0,542.1247796451307,2.7106238982256534,4
11.463179588317871,31,31,1.0,540.8621536661976,2.704310768330988,4
11.488677024841309,31,31,1.0,539.661789307341,2.6983089465367054,4
11.514520168304443,31,31,1.0,538.4505745247197,2.6922528726235986,4
11.539549589157104,31,31,1.0,537.2826687989365,2.6864133439946825,4
11.566471099853516,32,32,1.0,553.3234765166234,2.766617382583117,4
11.589576959609985,32,32,1.0,552.2203288613715,2.7611016443068572,4
11.616713523864746,32,32,1.0,550.9303459065412,2.754651729532706,4
11.63972544670105,32,32,1.0,549.8411478265493,2.749205739132747,4
11.665558099746704,32,32,1.0,548.6235587938963,2.743117793969482,4
11.689701080322266,32,32,1.0,547.4904752503357,2.7374523762516785,4
11.716387033462524,32,32,1.0,546.243477765058,2.7312173888252897,4
11.740272283554077,32,32,1.0,545.1321609435926,2.725660804717963,4
11.767997741699219,32,32,1.0,543.8478270030569,2.7192391350152842,4
11.794843435287476,33,33,1.0,559.5665628128907,2.7978328140644533,4
11.81888723373413,33,33,1.0,558.4282064357049,2.7921410321785243,4
11.845306873321533,33,33,1.0,557.1826944276792,2.785913472138396,4
11.870828866958618,33,33,1.0,555.9847651725909,2.779923825862954,4
11.896245241165161,33,33,1.0,554.7969015603088,2.773984507801544,4
11.92210078239441,33,33,1.0,553.5937097383327,2.7679685486916634,4
11.947641849517822,33,33,1.0,552.4102649818182,2.7620513249090908,4
11.972588777542114,33,33,1.0,551.2592241019851,2.7562961205099255,4
12.003118515014648,35,35,1.0,583.1817782390243,2.9159088911951216,5
12.02366018295288,35,35,1.0,582.1854488140463,2.910927244070231,5
12.050012111663818,35,35,1.0,580.9122791855408,2.904561395927704,5
12.07518219947815,35,35,1.0,579.7013978225949,2.898506989112975,5
12.10121774673462,35,35,1.0,578.454180934714,2.89227090467357,5
12.138128995895386,36,36,1.0,593.1721439469578,2.965860719734789,5
12.151530504226685,36,36,1.0,592.5179546309507,2.9625897731547535,5
12.178112506866455,36,36,1.0,591.2246249934366,2.956123124967183,5
12.202571630477905,36,36,1.0,590.0395603511009,2.950197801755505,5
12.228021383285522,36,36,1.0,588.8115316711563,2.9440576583557814,5
12.253936290740967,36,36,1.0,587.5662994461866,2.937831497230933,5
12.27898383140564,36,36,1.0,586.367740104417,2.9318387005220847,5
12.304667234420776,36,36,1.0,585.1438208632652,2.925719104316326,5
12.335290431976318,37,37,1.0,599.9048049016546,2.999524024508273,6
12.355962753295898,37,37,1.0,598.9011255335877,2.9945056276679383,6
12.381918907165527,37,37,1.0,597.6456521385836,2.988228260692918,6
12.40732717514038,37,37,1.0,596.4217671979197,2.982108835989599,6
12.43977403640747,39,39,1.0,627.021035685355,3.1351051784267745,6
12.461447477340698,39,39,1.0,625.9304959703235,3.1296524798516177,6
12.48587942123413,39,39,1.0,624.70569647941,3.1235284823970497,6
12.513189554214478,40,40,1.0,639.3254066310838,3.1966270331554187,6
12.535640478134155,40,40,1.0,638.1803956450692,3.1909019782253463,6
12.562520503997803,40,40,1.0,636.8148810148521,3.18407440507426,6
12.58791971206665,40,40,1.0,635.5299511746395,3.1776497558731975,6
12.613156795501709,40,40,1.0,634.2583486199965,3.171291743099982,6
12.638138771057129,40,40,1.0,633.00460177894,3.1650230088947,6
12.665333986282349,40,40,1.0,631.6454037978542,3.1582270189892707,6
12.690419435501099,41,41,1.0,646.1567359279494,3.230783679639747,6
12.72070026397705,42,42,1.0,660.3410052658367,3.3017050263291834,6
12.740649223327637,42,42,1.0,659.3070614188109,3.2965353070940546,6
12.766775369644165,42,42,1.0,657.9578442315873,3.2897892211579363,6
12.790709495544434,42,42,1.0,656.726665782386,3.2836333289119297,6
12.815809488296509,42,42,1.0,655.4404548281512,3.2772022741407563,6
12.840299367904663,42,42,1.0,654.1903548601414,3.270951774300707,6
12.873349905014038,44,44,1.0,683.5827554545449,3.4179137772727244,6
12.890680074691772,44,44,1.0,682.6637500124613,3.4133187500623063,6
12.917460918426514,44,44,1.0,681.2484323019678,3.406242161509839,6
12.941837072372437,44,44,1.0,679.9652901507919,3.39982645075396,6
12.96969199180603,45,45,1.0,693.9254999799537,3.4696274998997683,6
12.995749711990356,46,46,1.0,707.9237599899097,3.5396187999495488,6
13.019066572189331,46,46,1.0,706.6558841977637,3.5332794209888183,6
13.048006772994995,47,47,1.0,720.4165481776766,3.6020827408883833,6
13.071622848510742,47,47,1.0,719.1149950498263,3.595574975249132,6
13.096936464309692,47,47,1.0,717.7250974390713,3.5886254871953565,6
13.12263798713684,47,47,1.0,716.3193870938245,3.5815969354691224,6
13.150310039520264,47,47,1.0,714.8120441077389,3.574060220538694,6
13.174185276031494,47,47,1.0,713.5166086590514,3.5675830432952567,6
13.206786870956421,47,47,1.0,711.7552582507348,3.5587762912536736,6
13.232321977615356,48,48,1.0,725.4962519987025,3.6274812599935125,6
13.258228063583374,48,48,1.0,724.0786592266053,3.620393296133026,6
13.278531312942505,48,48,1.0,722.971522508889,3.614857612544445,6
13.311281681060791,50,50,1.0,751.2424603130394,3.756212301565197,6
13.32844352722168,50,50,1.0,750.2751525019595,3.7513757625097974,6
13.353502988815308,50,50,1.0,748.8671705376371,3.744335852688186,6
13.37977123260498,50,50,1.0,747.396934233908,3.7369846711695405,6
13.42408537864685,51,51,1.0,759.8283020625545,3.799141510312772,6
13.44065546989441,51,51,1.0,758.8915602253833,3.7944578011269163,6
13.463310718536377,51,51,1.0,757.614543201218,3.78807271600609,6
13.486200332641602,51,51,1.0,756.3286728962657,3.7816433644813285,6
13.512409210205078,51,51,1.0,754.8616861230473,3.774308430615237,6
13.538295269012451,51,51,1.0,753.4183438402756,3.767091719201378,6
13.5645272731781,51,51,1.0,751.9613322735568,3.7598066613677834,6
13.591799259185791,52,52,1.0,765.167274889771,3.825836374448855,6
13.616225957870483,52,52,1.0,763.7946103551966,3.8189730517759832,6
13.864754438400269,55,55,1.0,793.3786385378776,3.966893192689388,6
13.916683912277222,56,56,1.0,804.7894218621594,4.0239471093107975,6
13.962113618850708,56,56,1.0,802.1708106485047,4.010854053242523,6
14.021252393722534,58,58,1.0,827.3155403146045,4.136577701573023,6
14.037280082702637,58,58,1.0,826.3709159934792,4.1318545799673965,6
14.05666208267212,58,58,1.0,825.2314761339759,4.126157380669879,6
14.083518266677856,58,58,1.0,823.6578233044256,4.118289116522128,6
14.108603954315186,58,58,1.0,822.193325261787,4.110966626308935,6
14.138813734054565,58,58,1.0,820.4365810450129,4.102182905225065,6
14.158493280410767,58,58,1.0,819.2962181964224,4.096481090982112,6
14.198694705963135,61,61,1.0,859.2339121761856,4.296169560880928,6
14.209494590759277,61,61,1.0,858.5808539547851,4.292904269773926,6
14.237966060638428,61,61,1.0,856.8639613299482,4.284319806649741,6
14.262947797775269,61,61,1.0,855.3631530435072,4.276815765217536,6
14.288553953170776,61,61,1.0,853.830278416151,4.269151392080755,6
14.313958406448364,61,61,1.0,852.3148980581055,4.261574490290528,6
14.338474035263062,62,62,1.0,864.8061132240633,4.324030566120316,7
14.364142417907715,63,63,1.0,877.1842852443202,4.385921426221601,7
14.387414455413818,63,63,1.0,875.7654156031326,4.378827078015663,7
14.413056373596191,63,63,1.0,874.207362643943,4.371036813219715,7
14.440192222595215,63,63,1.0,872.5645618681042,4.362822809340521,7
14.46630311012268,63,63,1.0,870.9896304594399,4.3549481522972,7
14.48834228515625,63,63,1.0,869.6647105658931,4.3483235528294655,7
14.520199060440063,63,63,1.0,867.756698620503,4.3387834931025155,7
14.551304340362549,65,65,1.0,893.3907020239054,4.466953510119527,8
14.570109128952026,65,65,1.0,892.2376548414392,4.4611882742071955,8
14.59541130065918,65,65,1.0,890.6908981326806,4.453454490663403,8
14.62222146987915,66,66,1.0,902.7356087576135,4.513678043788067,8
14.646644830703735,67,67,1.0,914.8852965909028,4.574426482954514,8
14.670087337493896,67,67,1.0,913.4233281455796,4.567116640727898,8
14.697727680206299,68,68,1.0,925.3131025359363,4.626565512679681,9
14.725103378295898,70,70,1.0,950.7573319067718,4.7537866595338585,9
14.74601697921753,70,70,1.0,949.408916301335,4.747044581506675,9
14.771316528320312,70,70,1.0,947.782817676305,4.738914088381525,9
14.795927286148071,70,70,1.0,946.2063261899633,4.731031630949817,9
14.822561264038086,70,70,1.0,944.5061316067047,4.722530658033524,9
14.849751949310303,71,71,1.0,956.2449291053323,4.781224645526661,10
14.876997709274292,72,72,1.0,967.9372331302483,4.8396861656512415,11
14.89987063407898,73,73,1.0,979.8742793515861,4.89937139675793,11
14.924740076065063,73,73,1.0,978.2414920186213,4.891207460093106,11
14.952956914901733,73,73,1.0,976.3955104725818,4.881977552362909,11
14.980469942092896,74,74,1.0,987.9529852674514,4.939764926337257,11
15.013891458511353,77,77,1.0,1025.716753218551,5.128583766092755,12
15.049211978912354,77,77,1.0,1023.3093946433332,5.116546973216666,12
15.201452016830444,81,81,1.0,1065.6876712871904,5.328438356435952,13
15.310845851898193,83,83,1.0,1084.1987543060518,5.4209937715302585,13
15.3286612033844,84,84,1.0,1095.9861254087048,5.479930627043523,13
15.349977254867554,84,84,1.0,1094.4641624581325,5.472320812290662,13
15.38211441040039,85,85,1.0,1105.1796616793918,5.525898308396958,13
15.403364181518555,85,85,1.0,1103.6550067677515,5.518275033838757,13
15.43970513343811,86,86,1.0,1114.010912212927,5.570054561064635,13
15.461869239807129,86,86,1.0,1112.4140123833147,5.5620700619165735,13
15.498327016830444,88,88,1.0,1135.606441965461,5.678032209827306,13
15.513593196868896,88,88,1.0,1134.488946348819,5.672444731744095,13
15.538304090499878,88,88,1.0,1132.684744582946,5.663423722914731,13
15.587857246398926,92,92,1.0,1180.405985835592,5.90202992917796,13
15.603543043136597,92,92,1.0,1179.219357368547,5.896096786842735,13
15.62338662147522,93,93,1.0,1190.5229289041122,5.952614644520561,14
15.650920629501343,93,93,1.0,1188.4284918639075,5.9421424593195376,14
15.69051742553711,96,96,1.0,1223.6690148121586,6.118345074060793,14
15.703878402709961,96,96,1.0,1222.6279080642096,6.113139540321048,14
15.733895778656006,97,97,1.0,1233.0067691383395,6.165033845691697,14
15.76298189163208,98,98,1.0,1243.4195594936791,6.217097797468395,14
15.787899494171143,98,98,1.0,1241.4571049959038,6.207285524979519,14
15.815293550491333,98,98,1.0,1239.306746816033,6.196533734080164,14
15.841729402542114,99,99,1.0,1249.8635405817943,6.2493177029089715,14
15.878445148468018,102,102,1.0,1284.7605549066138,6.423802774533069,14
15.894776105880737,102,102,1.0,1283.4405382062866,6.4172026910314335,14
15.922297716140747,102,102,1.0,1281.2221177927177,6.406110588963588,14
15.94929313659668,103,103,1.0,1291.593290283942,6.45796645141971,14
15.973482131958008,104,104,1.0,1302.1581536304861,6.510790768152431,14
16.01273465156555,107,107,1.0,1336.4363093288216,6.682181546644108,15
16.03348207473755,107,107,1.0,1334.70695262871,6.67353476314355,15
16.06397771835327,109,109,1.0,1357.0735954827217,6.785367977413608,15
16.08379077911377,109,109,1.0,1355.4018638634143,6.777009319317072,15
16.10812211036682,109,109,1.0,1353.3545282705559,6.766772641352779,15
16.139972686767578,110,110,1.0,1363.0754169761879,6.815377084880939,15
16.162822008132935,110,110,1.0,1361.148442328318,6.80574221164159,15
16.190752267837524,110,110,1.0,1358.8003593694891,6.7940017968474455,15
16.216376781463623,111,111,1.0,1368.9864449484207,6.844932224742104,15
16.23928475379944,112,112,1.0,1379.3710954393582,6.896855477196791,15
16.268619537353516,112,112,1.0,1376.8838805633475,6.884419402816738,15
16.318338632583618,113,113,1.0,1384.944908231864,6.92472454115932,15
16.53963303565979,117,117,1.0,1414.783505144831,7.0739175257241556,15
16.649077653884888,123,123,1.0,1477.5593285949897,7.387796642974949,15
16.674927949905396,124,124,1.0,1487.2627980464947,7.436313990232474,15
16.6920485496521,124,124,1.0,1485.7373513041266,7.428686756520634,15
16.724576234817505,124,124,1.0,1482.8477356796009,7.414238678398004,15
16.748880624771118,125,125,1.0,1492.6370639376169,7.463185319688084,15
16.772480010986328,125,125,1.0,1490.5368784833533,7.452684392416766,15
16.800732374191284,126,126,1.0,1499.9346122976988,7.499673061488494,15
16.828399181365967,127,127,1.0,1509.3533096199274,7.5467665480996375,15
16.85735845565796,129,129,1.0,1530.4889000174612,7.652444500087307,15
16.872926712036133,129,129,1.0,1529.0767535661628,7.645383767830814,15
16.90010094642639,129,129,1.0,1526.6181001987172,7.633090500993585,15
16.93088126182556,130,130,1.0,1535.655445096221,7.6782772254811045,15
16.95111894607544,130,130,1.0,1533.8220493119468,7.669110246559734,15
16.97448468208313,130,130,1.0,1531.7107109262329,7.6585535546311645,15
17.023768186569214,135,135,1.0,1586.0178371849229,7.930089185924614,15
17.056500911712646,139,139,1.0,1629.877085804265,8.149385429021326,16
17.07049536705017,139,139,1.0,1628.5409065316373,8.142704532658186,16
17.092070817947388,139,139,1.0,1626.485186968032,8.13242593484016,16
17.123685836791992,139,139,1.0,1623.4822493804957,8.11741124690248,16
17.150896787643433,139,139,1.0,1620.9064951069404,8.104532475534702,16
17.180710554122925,141,141,1.0,1641.3756527219261,8.20687826360963,16
17.201552629470825,141,141,1.0,1639.3868976505014,8.196934488252507,16
17.22891139984131,142,142,1.0,1648.392016239725,8.241960081198625,16
17.25022578239441,142,142,1.0,1646.3552627227093,8.231776313613546,16
17.275439977645874,143,143,1.0,1655.529470566765,8.277647352833824,16
17.305161476135254,144,144,1.0,1664.2433553548024,8.321216776774012,17
17.32496428489685,144,144,1.0,1662.341089216939,8.311705446084696,17
17.354843139648438,145,145,1.0,1671.0032909342367,8.355016454671183,17
17.37538433074951,145,145,1.0,1669.027829714144,8.34513914857072,17
17.411789417266846,147,147,1.0,1688.5111171195729,8.442555585597864,17
17.436612367630005,148,148,1.0,1697.5774523123869,8.487887261561934,17
17.456013679504395,148,148,1.0,1695.6906968258284,8.478453484129142,17
17.50287103652954,150,150,1.0,1714.004516024154,8.57002258012077,17
17.52834415435791,153,153,1.0,1745.743906585278,8.728719532926391,17
17.54192090034485,153,153,1.0,1744.3927705430738,8.72196385271537,17
17.57146668434143,153,153,1.0,1741.4596373601964,8.707298186800982,17
17.600643396377563,155,155,1.0,1761.2992492297296,8.806496246148647,17
17.639524221420288,157,157,1.0,1780.0933633952488,8.900466816976245,17
17.662758827209473,158,158,1.0,1789.0749859144435,8.945374929572218,17
17.683044910430908,158,158,1.0,1787.0225495700536,8.935112747850267,17
17.716686487197876,159,159,1.0,1794.918029563754,8.97459014781877,17
17.751628160476685,160,160,1.0,1802.6515489574508,9.013257744787255,17
17.788316249847412,161,161,1.0,1810.176946920213,9.050884734601064,17
17.817605018615723,162,162,1.0,1818.4262119487262,9.09213105974363,17
17.833334922790527,163,163,1.0,1828.037220247463,9.140186101237315,17
17.855614185333252,163,163,1.0,1825.7562950020451,9.128781475010227,17
17.88245439529419,164,164,1.0,1834.2001201262058,9.171000600631029,17
17.908464431762695,165,165,1.0,1842.7040534793566,9.213520267396783,17
17.933554649353027,165,165,1.0,1840.1259898126505,9.200629949063252,17
17.96072268486023,166,166,1.0,1848.4779584056232,9.242389792028115,17
17.989929914474487,168,168,1.0,1867.7115563949937,9.338557781974968,17
18.01267910003662,169,169,1.0,1876.4560125834519,9.38228006291726,17
18.035492181777954,169,169,1.0,1874.0824846548749,9.370412423274376,17
18.065500259399414,171,171,1.0,1893.1111515832984,9.465555757916492,17
18.08739948272705,171,171,1.0,1890.8190772620476,9.454095386310238,17
18.112389087677002,171,171,1.0,1888.21032026462,9.4410516013231,17
18.140817403793335,172,172,1.0,1896.2761839390319,9.481380919695159,17
18.166462182998657,173,173,1.0,1904.6085942028328,9.523042971014165,17
18.191879749298096,173,173,1.0,1901.9474884850745,9.509737442425372,17
18.224989891052246,175,175,1.0,1920.4400226956298,9.60220011347815,17
18.245465755462646,176,176,1.0,1929.2464479544026,9.646232239772013,17
18.47118353843689,182,182,1.0,1970.6371237259832,9.853185618629915,17
18.54855513572693,188,188,1.0,2027.1120701783134,10.135560350891566,17
18.56181001663208,188,188,1.0,2025.6645212028884,10.128322606014441,17
18.59090518951416,188,188,1.0,2022.494311961074,10.11247155980537,17
18.618962049484253,189,189,1.0,2030.1883584883865,10.150941792441932,18
18.643671989440918,189,189,1.0,2027.4975885334452,10.137487942667226,18
18.67074704170227,190,190,1.0,2035.2693930845212,10.176346965422606,18
18.689733743667603,190,190,1.0,2033.2017845291691,10.166008922645846,18
18.727278470993042,194,194,1.0,2071.8440247523363,10.35922012376168,18
18.739153385162354,194,194,1.0,2070.5311068493525,10.352655534246763,18
18.765892505645752,194,194,1.0,2067.5808511813093,10.337904255906547,18
18.791258335113525,194,194,1.0,2064.7898777219166,10.323949388609583,18
18.821292877197266,196,196,1.0,2082.747463512049,10.413737317560246,18
18.849979877471924,196,196,1.0,2079.577816783183,10.397889083915917,18
19.139907121658325,204,204,1.0,2131.6717861097436,10.658358930548717,18
19.16261386871338,205,205,1.0,2139.5828502780782,10.69791425139039,18
19.185588598251343,205,205,1.0,2137.0207012432716,10.685103506216358,18
19.210094213485718,205,205,1.0,2134.294582023315,10.671472910116574,18
19.254520177841187,208,208,1.0,2160.531637026968,10.802658185134838,18
19.282752752304077,210,210,1.0,2178.1122508549233,10.890561254274616,18
19.305739641189575,212,212,1.0,2196.2380508612005,10.981190254306002,18
19.329161167144775,212,212,1.0,2193.5768258826697,10.96788412941335,18
19.356043815612793,212,212,1.0,2190.5302759130823,10.952651379565411,18
19.4243266582489,213,213,1.0,2193.126214849209,10.965631074246046,18
19.470031261444092,216,216,1.0,2218.7945884579876,11.09397294228994,18
19.498013496398926,219,219,1.0,2246.3826896052456,11.231913448026228,18
19.51122808456421,219,219,1.0,2244.8612568191547,11.224306284095773,18
19.54462170600891,221,221,1.0,2261.491711881581,11.307458559407905,18
19.56337285041809,221,221,1.0,2259.3241123580283,11.29662056179014,18
19.58789300918579,221,221,1.0,2256.4958864780556,11.282479432390279,18
19.61404538154602,221,221,1.0,2253.48718941916,11.2674359470958,18
19.64104986190796,222,222,1.0,2260.5716248452577,11.302858124226288,18
19.684701919555664,223,223,1.0,2265.718840054792,11.328594200273962,18
19.699219465255737,223,223,1.0,2264.0490948721454,11.320245474360727,18
19.730915307998657,224,224,1.0,2270.548492083318,11.352742460416588,18
19.751579523086548,225,225,1.0,2278.2988037691844,11.391494018845922,18
19.780082941055298,225,225,1.0,2275.015738513338,11.37507869256669,18
19.808486461639404,226,226,1.0,2281.850260873446,11.409251304367231,18
19.830624103546143,228,228,1.0,2299.4737715716037,11.497368857858019,19
19.8619384765625,230,230,1.0,2315.9874376955177,11.579937188477588,19
19.881840467453003,230,230,1.0,2313.6691029838503,11.568345514919251,19
19.90961003303528,232,232,1.0,2330.532839317807,11.652664196589035,19
19.93016266822815,232,232,1.0,2328.129517676691,11.640647588383457,19
19.966833114624023,233,233,1.0,2333.8703605365154,11.669351802682575,19
20.007348775863647,237,237,1.0,2369.1294899193313,11.845647449596656,19
20.024120330810547,237,237,1.0,2367.1451837545624,11.835725918772813,19
20.056751251220703,239,239,1.0,2383.2374147378814,11.916187073689407,19
20.075039625167847,239,239,1.0,2381.0662839277134,11.905331419638566,19
20.102047204971313,240,240,1.0,2387.8165000094823,11.939082500047412,19
20.130576610565186,241,241,1.0,2394.367579848809,11.971837899244044,19
20.153160333633423,241,241,1.0,2391.6844406561618,11.95842220328081,19
20.224404096603394,244,244,1.0,2412.9264707579573,12.064632353789786,19
20.554516315460205,256,256,1.0,2490.9367466598865,12.454683733299433,19
20.567520141601562,256,256,1.0,2489.3618505051886,12.446809252525942,19
20.59422779083252,257,257,1.0,2495.8449776340053,12.479224888170027,19
20.617302179336548,257,257,1.0,2493.051687990248,12.46525843995124,19
20.64313554763794,257,257,1.0,2489.9318168688465,12.449659084344232,19
20.66832733154297,257,257,1.0,2486.8969402064718,12.434484701032359,19
20.69310426712036,257,257,1.0,2483.9192484846444,12.419596242423223,19
20.728928327560425,259,259,1.0,2498.923204395888,12.494616021979441,19
20.74804973602295,260,260,1.0,2506.259656285532,12.53129828142766,19
20.772162199020386,260,260,1.0,2503.3503735327236,12.516751867663617,19
20.802324056625366,261,261,1.0,2509.3350078533526,12.546675039266763,19
20.82744002342224,262,262,1.0,2515.9116982726496,12.579558491363247,19
20.850407123565674,262,262,1.0,2513.140376082928,12.56570188041464,19
20.874024152755737,262,262,1.0,2510.296990007185,12.551484950035924,19
20.901679515838623,264,264,1.0,2526.1127920361546,12.630563960180773,19
20.924870491027832,264,264,1.0,2523.3131083243543,12.616565541621773,19
20.95310091972351,266,266,1.0,2539.0036636497052,12.695018318248525,19
20.984219074249268,268,268,1.0,2554.300439313232,12.771502196566159,19
21.001792669296265,268,268,1.0,2552.163086456945,12.760815432284726,19
21.02766227722168,268,268,1.0,2549.0232482030333,12.745116241015166,19
21.057708501815796,269,269,1.0,2554.883879951176,12.774419399755878,19
21.083687782287598,272,272,1.0,2580.1937764275485,12.900968882137741,19
21.11104679107666,274,274,1.0,2595.797382399966,12.978986911999831,19
21.129295587539673,274,274,1.0,2593.5554629808175,12.967777314904087,19
21.160639762878418,275,275,1.0,2599.1652717648512,12.995826358824257,19
21.19484043121338,278,278,1.0,2623.2799525170553,13.116399762585278,19
21.217731475830078,279,279,1.0,2629.8758688488397,13.149379344244199,19
21.234416961669922,279,279,1.0,2627.809376670155,13.139046883350774,19
21.263066053390503,281,281,1.0,2643.080723113242,13.21540361556621,19
21.286086797714233,281,281,1.0,2640.2222509980056,13.201111254990028,19
21.312023401260376,281,281,1.0,2637.009116491322,13.18504558245661,19
21.33803391456604,281,281,1.0,2633.794670353206,13.16897335176603,19
21.362097024917603,281,281,1.0,2630.827859944933,13.154139299724665,19
21.39860439300537,283,283,1.0,2645.032309607117,13.225161548035587,19
21.418375492095947,284,284,1.0,2651.9284817357407,13.259642408678703,19
21.453301668167114,288,288,1.0,2684.9014147537096,13.424507073768547,19
21.466970682144165,288,288,1.0,2683.1918137341395,13.415959068670697,19
21.490399599075317,288,288,1.0,2680.2665876198225,13.401332938099111,19
21.517831087112427,288,288,1.0,2676.8497143979394,13.384248571989696,19
21.546634435653687,289,289,1.0,2682.553517701914,13.412767588509572,19
21.568917989730835,289,289,1.0,2679.7820839932315,13.398910419966159,19
21.594157934188843,289,289,1.0,2676.6498687354897,13.383249343677448,19
21.622450828552246,291,291,1.0,2691.6467731376424,13.458233865688213,19
21.645383834838867,291,291,1.0,2688.7950079372317,13.443975039686158,19
21.681537628173828,295,295,1.0,2721.209215500155,13.606046077500777,20
21.69590401649475,295,295,1.0,2719.4073109442247,13.597036554721125,20
21.72150421142578,295,295,1.0,2716.202313878671,13.581011569393354,20
21.746045112609863,295,295,1.0,2713.137018454345,13.565685092271723,20
21.785513877868652,298,298,1.0,2735.7628713337867,13.678814356668934,20
21.80398464202881,301,301,1.0,2760.9632362316015,13.804816181158008,20
21.83849287033081,305,305,1.0,2793.233047820482,13.966165239102411,21
21.85501503944397,306,306,1.0,2800.272609721207,14.001363048606036,21
21.877691984176636,306,306,1.0,2797.3700353887334,13.986850176943666,21
21.906716108322144,307,307,1.0,2802.793430854511,14.013967154272555,21
21.930267572402954,307,307,1.0,2799.78344073037,13.99891720365185,21
21.956865072250366,308,308,1.0,2805.500684970352,14.02750342485176,21
21.989277839660645,310,310,1.0,2819.5559877903124,14.097779938951563,21
22.006981134414673,310,310,1.0,2817.2878243188006,14.086439121594003,21
22.03552484512329,311,311,1.0,2822.714704422643,14.113573522113215,22
22.065335035324097,312,312,1.0,2827.965217845307,14.139826089226537,22
22.084856271743774,312,312,1.0,2825.465524076649,14.127327620383246,22
22.112926959991455,313,313,1.0,2830.9232926632067,14.154616463316033,22
22.138354778289795,314,314,1.0,2836.7058270104817,14.183529135052408,22
22.169193267822266,316,316,1.0,2850.802879315071,14.254014396575354,22
22.188586950302124,317,317,1.0,2857.3248103632272,14.286624051816137,22
22.211065769195557,317,317,1.0,2854.433040666118,14.272165203330589,22
22.23898983001709,318,318,1.0,2859.842127997912,14.29921063998956,22
22.269160747528076,320,320,1.0,2873.929589246157,14.369647946230783,22
22.288846492767334,321,321,1.0,2880.3644020264896,14.401822010132447,22
22.313087224960327,321,321,1.0,2877.23520070245,14.38617600351225,22
22.34719157218933,323,323,1.0,2890.743554567882,14.45371777283941,22
22.37537908554077,326,326,1.0,2913.9171117835044,14.569585558917524,22
22.395524978637695,327,327,1.0,2920.226253342253,14.601131266711265,22
22.41638946533203,327,327,1.0,2917.508196453496,14.58754098226748,22
22.441211700439453,327,327,1.0,2914.2811392274025,14.571405696137012,22
22.472251653671265,328,328,1.0,2919.155632955143,14.595778164775716,22
22.495488166809082,329,329,1.0,2925.030988973356,14.62515494486678,22
22.53478765487671,335,335,1.0,2973.180889303861,14.865904446519304,22
22.547204971313477,335,335,1.0,2971.543483338323,14.857717416691615,22
22.574395895004272,335,335,1.0,2967.9642508097922,14.83982125404896,22
22.603904724121094,336,336,1.0,2972.9376769266546,14.864688384633274,22
22.625800609588623,336,336,1.0,2970.0606471145693,14.850303235572847,22
22.657346487045288,338,338,1.0,2983.5797426080508,14.917898713040254,22
22.681644678115845,339,339,1.0,2989.20122249407,14.94600611247035,22
22.709190130233765,341,341,1.0,3003.189440437256,15.01594720218628,22
22.729135274887085,342,342,1.0,3009.353377186049,15.046766885930245,22
22.75536799430847,343,343,1.0,3014.6732857564903,15.073366428782451,22
22.77944326400757,343,343,1.0,3011.487120424525,15.057435602122625,22
22.810787200927734,344,344,1.0,3016.1168658485335,15.080584329242667,22
22.8385808467865,346,346,1.0,3029.9605944971304,15.149802972485652,22
22.857481718063354,346,346,1.0,3027.4551174775306,15.137275587387652,22
22.890958547592163,349,349,1.0,3049.2388448862953,15.246194224431477,22
22.905832052230835,349,349,1.0,3047.2588745450994,15.236294372725498,22
22.933196306228638,349,349,1.0,3043.6228368673746,15.218114184336873,22
22.96283769607544,350,350,1.0,3048.403726337518,15.242018631687591,22
22.987526655197144,350,350,1.0,3045.129693592939,15.225648467964696,22
23.019217014312744,352,352,1.0,3058.314275252157,15.291571376260785,22
23.038410663604736,352,352,1.0,3055.76634725135,15.278831736256752,22
23.069526195526123,356,356,1.0,3086.322597028795,15.431612985143975,22
23.09626317024231,358,358,1.0,3100.0685899808623,15.500342949904311,22
23.11957573890686,359,359,1.0,3105.5933210388075,15.527966605194038,22
23.15157651901245,361,361,1.0,3118.578121049691,15.592890605248456,22
23.170105934143066,362,362,1.0,3124.715968316425,15.623579841582126,22
23.191976070404053,362,362,1.0,3121.769347304205,15.608846736521025,22
23.217551469802856,362,362,1.0,3118.330548084051,15.591652740420255,22
23.248923540115356,365,365,1.0,3139.9303229691723,15.69965161484586,22
23.2694354057312,365,365,1.0,3137.162493509417,15.685812467547084,22
23.30107092857361,367,367,1.0,3150.0698068770366,15.750349034385183,22
23.321397066116333,367,367,1.0,3147.3243130293804,15.736621565146903,22
23.34591269493103,367,367,1.0,3144.0192961887046,15.720096480943523,22
23.378417015075684,369,369,1.0,3156.757788707838,15.783788943539188,22
23.396992921829224,369,369,1.0,3154.2514991806975,15.771257495903487,22
23.42683720588684,371,371,1.0,3167.307620226027,15.836538101130136,22
23.448892831802368,371,371,1.0,3164.328505069837,15.821642525349183,22
23.474019765853882,371,371,1.0,3160.9413615615113,15.804706807807557,22
23.505340337753296,373,373,1.0,3173.746856163601,15.868734280818005,22
23.544626235961914,378,378,1.0,3210.923768436342,16.05461884218171,23
23.559791803359985,378,378,1.0,3208.856879168953,16.044284395844766,23
23.58461022377014,378,378,1.0,3205.4801534860762,16.027400767430382,23
23.627004623413086,384,384,1.0,3250.5178385539125,16.252589192769562,23
23.641713619232178,384,384,1.0,3248.495487125957,16.242477435629784,23
23.669729948043823,384,384,1.0,3244.6504530714815,16.223252265357406,23
23.693679809570312,384,384,1.0,3241.370720683879,16.206853603419397,23
23.72393274307251,385,385,1.0,3245.6676063745936,16.22833803187297,23
23.747193336486816,386,386,1.0,3250.910493131187,16.254552465655937,23
23.776001930236816,388,388,1.0,3263.7951589881573,16.318975794940787,23
23.81037473678589,391,391,1.0,3284.2826232039406,16.421413116019703,23
23.825300693511963,391,391,1.0,3282.225102044366,16.41112551022183,23
23.856719732284546,392,392,1.0,3286.285829728039,16.431429148640195,24
23.874929666519165,392,392,1.0,3283.7793072095906,16.418896536047953,24
23.90154194831848,392,392,1.0,3280.1231054264927,16.400615527132462,24
23.929133415222168,392,392,1.0,3276.3409622735016,16.38170481136751,24
23.968684434890747,395,395,1.0,3295.9672949342703,16.47983647467135,24
23.995822191238403,398,398,1.0,3317.244117147374,16.586220585736868,24
24.019911766052246,400,400,1.0,3330.5701028038484,16.652850514019242,24
24.037189245224,400,400,1.0,3328.176151706064,16.64088075853032,24
24.07760977745056,404,404,1.0,3355.8148315731796,16.7790741578659,24
24.093237161636353,404,404,1.0,3353.6381789599363,16.76819089479968,24
24.120903253555298,405,405,1.0,3358.0832006388905,16.79041600319445,24
24.14381217956543,405,405,1.0,3354.8968736824368,16.774484368412185,24
24.172067642211914,407,407,1.0,3367.5232588647236,16.837616294323617,24
24.196961164474487,407,407,1.0,3364.0587942716506,16.820293971358254,24
24.230360984802246,410,410,1.0,3384.184001692422,16.92092000846211,24
24.250927209854126,411,411,1.0,3389.5611202279656,16.947805601139827,24
24.2763249874115,412,412,1.0,3394.2534565148785,16.971267282574395,24
24.29865598678589,412,412,1.0,3391.1340629214565,16.955670314607282,24
24.326439380645752,413,413,1.0,3395.4825327095346,16.977412663547675,24
24.356436014175415,416,416,1.0,3415.9349073722324,17.079674536861162,24
24.378936290740967,417,417,1.0,3420.9860104386516,17.104930052193257,24
24.400442838668823,417,417,1.0,3417.9707537041536,17.08985376852077,24
24.42919373512268,418,418,1.0,3422.135044915766,17.11067522457883,24
24.453444004058838,419,419,1.0,3426.9201502287647,17.134600751143825,24
24.48573899269104,422,422,1.0,3446.904339917749,17.234521699588747,24
24.505602598190308,423,423,1.0,3452.2717676915054,17.261358838457525,24
24.54738426208496,428,428,1.0,3487.1332556689063,17.43566627834453,24
24.563297271728516,428,428,1.0,3484.874162172135,17.424370810860676,24
24.59964084625244,430,430,1.0,3495.9859998566367,17.479929999283183,24
24.61658525466919,430,430,1.0,3493.5795972631017,17.46789798631551,24
24.64194393157959,430,430,1.0,3489.984403778621,17.449922018893105,24
24.67211103439331,431,431,1.0,3493.823446231895,17.469117231159476,24
24.70096707344055,433,433,1.0,3505.9356074003967,17.529678037001982,24
24.733896017074585,437,437,1.0,3533.6123326331217,17.66806166316561,24
24.750460624694824,437,437,1.0,3531.2474109187474,17.65623705459374,24
24.77493691444397,437,437,1.0,3527.7587306002447,17.638793653001223,24
24.8034827709198,438,438,1.0,3531.762083940258,17.65881041970129,24
24.825653314590454,438,438,1.0,3528.608044667892,17.64304022333946,24
24.852206468582153,439,439,1.0,3532.885504995126,17.66442752497563,24
24.877198219299316,440,440,1.0,3537.375842096682,17.68687921048341,24
24.916635036468506,443,443,1.0,3555.8573567547623,17.779286783773813,24
24.936513900756836,444,444,1.0,3561.043069348393,17.805215346741967,24
24.96696448326111,446,446,1.0,3572.7210674651055,17.863605337325527,24
24.983071088790894,446,446,1.0,3570.417731390165,17.852088656950826,24
25.010037183761597,447,447,1.0,3574.5648574263305,17.872824287131653,24
25.03282117843628,447,447,1.0,3571.31141403314,17.8565570701657,24
25.07620882987976,451,451,1.0,3597.0349669652396,17.9851748348262,24
25.104548454284668,455,455,1.0,3624.841138477787,18.124205692388934,24
25.121891260147095,456,456,1.0,3630.299926688959,18.151499633444796,24
25.149473667144775,457,457,1.0,3634.270888118219,18.171354440591095,24
25.172258615493774,457,457,1.0,3630.9812876204282,18.15490643810214,24
25.207979679107666,459,459,1.0,3641.703982968683,18.208519914843414,24
25.230100870132446,460,460,1.0,3646.4380572061123,18.232190286030562,24
25.250463247299194,460,460,1.0,3643.4975112720113,18.217487556360055,24
25.282164335250854,463,463,1.0,3662.6611065449038,18.31330553272452,24
25.29921317100525,463,463,1.0,3660.192883236637,18.300964416183184,24
25.329745769500732,464,464,1.0,3663.676723977998,18.31838361988999,24
25.35221219062805,465,465,1.0,3668.3189340920435,18.341594670460218,24
25.382550954818726,466,466,1.0,3671.813765523301,18.359068827616504,24
25.403616189956665,466,466,1.0,3668.7690170994897,18.34384508549745,24
25.428914546966553,467,467,1.0,3672.984146747302,18.36492073373651,24
25.47183346748352,472,472,1.0,3706.0543804397844,18.530271902198923,24
25.488614082336426,472,472,1.0,3703.61447252713,18.51807236263565,24
25.513928413391113,472,472,1.0,3699.9398317059513,18.499699158529754,24
25.54644799232483,475,475,1.0,3718.716591384516,18.593582956922578,24
25.570016860961914,476,476,1.0,3723.110568039676,18.61555284019838,24
25.59168791770935,476,476,1.0,3719.957835767525,18.599789178837625,24
25.61879873275757,476,476,1.0,3716.021230857799,18.580106154288995,24
25.65701699256897,479,479,1.0,3733.871323690767,18.669356618453836,24
25.679008960723877,481,481,1.0,3746.250493823114,18.73125246911557,24
25.70043134689331,482,482,1.0,3750.9098076539835,18.754549038269918,24
25.73100733757019,484,484,1.0,3761.9980722115383,18.80999036105769,24
25.764612197875977,488,488,1.0,3788.1416281532893,18.940708140766446,25
25.782126903533936,488,488,1.0,3785.568210302388,18.927841051511937,25
25.811182975769043,489,489,1.0,3789.0553134202505,18.945276567101253,25
25.839791774749756,491,491,1.0,3800.3402216251416,19.001701108125708,25
25.860854864120483,492,492,1.0,3804.978625688078,19.02489312844039,25
25.8830726146698,492,492,1.0,3801.7124730481046,19.008562365240525,25
25.91438889503479,494,494,1.0,3812.553728362475,19.062768641812372,25
25.934847116470337,494,494,1.0,3809.5462663150033,19.047731331575015,25
25.96891760826111,496,496,1.0,3819.9512777707364,19.09975638885368,25
25.986342191696167,496,496,1.0,3817.389891513819,19.086949457569094,25
26.018373727798462,498,498,1.0,3828.064007458918,19.14032003729459,25
26.04103422164917,499,499,1.0,3832.413073557249,19.162065367786244,25
26.094290733337402,506,506,1.0,3878.242985570382,19.39121492785191,25
26.116374254226685,507,507,1.0,3882.6216462106863,19.41310823105343,26
26.143741130828857,508,508,1.0,3886.2073905785683,19.431036952892843,26
26.164214611053467,509,509,1.0,3890.8104643428915,19.454052321714457,26
26.199082851409912,511,511,1.0,3900.8999123990357,19.50449956199518,26
26.21582865715027,511,511,1.0,3898.4081463366347,19.492040731683172,26
26.25345754623413,513,513,1.0,3908.056674794716,19.54028337397358,26
26.27090096473694,513,513,1.0,3905.461793553199,19.527308967765997,26
26.298732042312622,513,513,1.0,3901.3287726162825,19.50664386308141,26
26.324804544448853,513,513,1.0,3897.4648349909744,19.48732417495487,26
26.35185742378235,514,514,1.0,3901.053286180267,19.505266430901337,26
26.396973609924316,520,520,1.0,3939.845587484306,19.699227937421533,26
26.42341136932373,522,522,1.0,3951.041693322128,19.75520846661064,26
26.451743125915527,525,525,1.0,3969.4926530996177,19.84746326549809,26
26.470028400421143,525,525,1.0,3966.7505607334156,19.83375280366708,26
26.494959592819214,526,526,1.0,3970.5665385695393,19.8528326928477,26
26.529939889907837,529,529,1.0,3987.947218841872,19.939736094209362,26
26.556323528289795,531,531,1.0,3999.0475295598717,19.995237647799357,26
26.5737407207489,531,531,1.0,3996.426439017618,19.98213219508809,26
26.606467485427856,534,534,1.0,4014.0616208631786,20.07030810431589,27
26.627354621887207,535,535,1.0,4018.42396736054,20.0921198368027,27
26.660926580429077,535,535,1.0,4013.363889556083,20.066819447780414,27
26.680912494659424,536,536,1.0,4017.853588083153,20.089267940415766,27
26.7070631980896,538,538,1.0,4028.8967454758113,20.144483727379058,27
26.747382640838623,542,542,1.0,4052.7329890772926,20.263664945386463,27
26.76912498474121,543,543,1.0,4056.9125835044506,20.28456291752225,27
26.79486632347107,544,544,1.0,4060.4792980324073,20.302396490162035,27
26.820486545562744,546,546,1.0,4071.5145049472026,20.357572524736014,27
26.84642457962036,547,547,1.0,4075.03053807201,20.37515269036005,27
26.86805510520935,547,547,1.0,4071.7498743996853,20.358749371998428,27
26.895251750946045,547,547,1.0,4067.632495618928,20.338162478094638,27
27.203796863555908,564,564,1.0,4146.480014012849,20.732400070064244,27
